[{"model": "auth.permission", "pk": 1, "fields": {"name": "Can add log entry", "content_type": 1, "codename": "add_logentry"}}, {"model": "auth.permission", "pk": 2, "fields": {"name": "Can change log entry", "content_type": 1, "codename": "change_logentry"}}, {"model": "auth.permission", "pk": 3, "fields": {"name": "Can delete log entry", "content_type": 1, "codename": "delete_logentry"}}, {"model": "auth.permission", "pk": 4, "fields": {"name": "Can view log entry", "content_type": 1, "codename": "view_logentry"}}, {"model": "auth.permission", "pk": 5, "fields": {"name": "Can add permission", "content_type": 2, "codename": "add_permission"}}, {"model": "auth.permission", "pk": 6, "fields": {"name": "Can change permission", "content_type": 2, "codename": "change_permission"}}, {"model": "auth.permission", "pk": 7, "fields": {"name": "Can delete permission", "content_type": 2, "codename": "delete_permission"}}, {"model": "auth.permission", "pk": 8, "fields": {"name": "Can view permission", "content_type": 2, "codename": "view_permission"}}, {"model": "auth.permission", "pk": 9, "fields": {"name": "Can add group", "content_type": 3, "codename": "add_group"}}, {"model": "auth.permission", "pk": 10, "fields": {"name": "Can change group", "content_type": 3, "codename": "change_group"}}, {"model": "auth.permission", "pk": 11, "fields": {"name": "Can delete group", "content_type": 3, "codename": "delete_group"}}, {"model": "auth.permission", "pk": 12, "fields": {"name": "Can view group", "content_type": 3, "codename": "view_group"}}, {"model": "auth.permission", "pk": 13, "fields": {"name": "Can add user", "content_type": 4, "codename": "add_user"}}, {"model": "auth.permission", "pk": 14, "fields": {"name": "Can change user", "content_type": 4, "codename": "change_user"}}, {"model": "auth.permission", "pk": 15, "fields": {"name": "Can delete user", "content_type": 4, "codename": "delete_user"}}, {"model": "auth.permission", "pk": 16, "fields": {"name": "Can view user", "content_type": 4, "codename": "view_user"}}, {"model": "auth.permission", "pk": 17, "fields": {"name": "Can add content type", "content_type": 5, "codename": "add_contenttype"}}, {"model": "auth.permission", "pk": 18, "fields": {"name": "Can change content type", "content_type": 5, "codename": "change_contenttype"}}, {"model": "auth.permission", "pk": 19, "fields": {"name": "Can delete content type", "content_type": 5, "codename": "delete_contenttype"}}, {"model": "auth.permission", "pk": 20, "fields": {"name": "Can view content type", "content_type": 5, "codename": "view_contenttype"}}, {"model": "auth.permission", "pk": 21, "fields": {"name": "Can add session", "content_type": 6, "codename": "add_session"}}, {"model": "auth.permission", "pk": 22, "fields": {"name": "Can change session", "content_type": 6, "codename": "change_session"}}, {"model": "auth.permission", "pk": 23, "fields": {"name": "Can delete session", "content_type": 6, "codename": "delete_session"}}, {"model": "auth.permission", "pk": 24, "fields": {"name": "Can view session", "content_type": 6, "codename": "view_session"}}, {"model": "auth.permission", "pk": 25, "fields": {"name": "Can add newstory", "content_type": 7, "codename": "add_newstory"}}, {"model": "auth.permission", "pk": 26, "fields": {"name": "Can change newstory", "content_type": 7, "codename": "change_newstory"}}, {"model": "auth.permission", "pk": 27, "fields": {"name": "Can delete newstory", "content_type": 7, "codename": "delete_newstory"}}, {"model": "auth.permission", "pk": 28, "fields": {"name": "Can view newstory", "content_type": 7, "codename": "view_newstory"}}, {"model": "auth.permission", "pk": 29, "fields": {"name": "Can add comments", "content_type": 8, "codename": "add_comments"}}, {"model": "auth.permission", "pk": 30, "fields": {"name": "Can change comments", "content_type": 8, "codename": "change_comments"}}, {"model": "auth.permission", "pk": 31, "fields": {"name": "Can delete comments", "content_type": 8, "codename": "delete_comments"}}, {"model": "auth.permission", "pk": 32, "fields": {"name": "Can view comments", "content_type": 8, "codename": "view_comments"}}, {"model": "auth.permission", "pk": 33, "fields": {"name": "Can add details", "content_type": 9, "codename": "add_details"}}, {"model": "auth.permission", "pk": 34, "fields": {"name": "Can change details", "content_type": 9, "codename": "change_details"}}, {"model": "auth.permission", "pk": 35, "fields": {"name": "Can delete details", "content_type": 9, "codename": "delete_details"}}, {"model": "auth.permission", "pk": 36, "fields": {"name": "Can view details", "content_type": 9, "codename": "view_details"}}, {"model": "auth.permission", "pk": 37, "fields": {"name": "Can add action", "content_type": 10, "codename": "add_action"}}, {"model": "auth.permission", "pk": 38, "fields": {"name": "Can change action", "content_type": 10, "codename": "change_action"}}, {"model": "auth.permission", "pk": 39, "fields": {"name": "Can delete action", "content_type": 10, "codename": "delete_action"}}, {"model": "auth.permission", "pk": 40, "fields": {"name": "Can view action", "content_type": 10, "codename": "view_action"}}, {"model": "auth.user", "pk": 18, "fields": {"password": "pbkdf2_sha256$216000$raDi0VE98ItM$Wy37G5MFclu8E9KxyVxPCWB3PUAJ4l4tDSZdtwqwJOE=", "last_login": null, "is_superuser": false, "username": "111", "first_name": "", "last_name": "", "email": "111", "is_staff": false, "is_active": true, "date_joined": "2020-11-29T16:23:03.714Z", "groups": [], "user_permissions": []}}, {"model": "auth.user", "pk": 19, "fields": {"password": "1111", "last_login": null, "is_superuser": false, "username": "qqq", "first_name": "111", "last_name": "111", "email": "222@222.com", "is_staff": false, "is_active": true, "date_joined": "2020-11-29T16:24:34.809Z", "groups": [], "user_permissions": []}}, {"model": "auth.user", "pk": 20, "fields": {"password": "pbkdf2_sha256$216000$1li551MVTKT0$tlfK+5gWGc2jmf02g+T7fT/GtVsLtcG9dFU9JwqUce8=", "last_login": null, "is_superuser": false, "username": "222", "first_name": "", "last_name": "", "email": "www", "is_staff": false, "is_active": true, "date_joined": "2020-11-29T17:59:33.356Z", "groups": [], "user_permissions": []}}, {"model": "auth.user", "pk": 21, "fields": {"password": "test1", "last_login": null, "is_superuser": false, "username": "test1", "first_name": "test", "last_name": "test", "email": "test@123.com", "is_staff": false, "is_active": true, "date_joined": "2020-11-29T18:16:55.525Z", "groups": [], "user_permissions": []}}, {"model": "auth.user", "pk": 22, "fields": {"password": "321", "last_login": null, "is_superuser": false, "username": "123", "first_name": "123", "last_name": "123", "email": "111@test.com", "is_staff": false, "is_active": true, "date_joined": "2020-11-29T20:55:20.112Z", "groups": [], "user_permissions": []}}, {"model": "auth.user", "pk": 23, "fields": {"password": "liang", "last_login": null, "is_superuser": false, "username": "went", "first_name": "wentao", "last_name": "fan", "email": "5233938@gmail.com", "is_staff": false, "is_active": true, "date_joined": "2020-12-01T17:46:17.565Z", "groups": [], "user_permissions": []}}, {"model": "auth.user", "pk": 24, "fields": {"password": "pbkdf2_sha256$216000$4Vt8DbB17JUM$QcnAw9CvG7/RgUXtvdo4X6HmEcxlSpzCPrflpRmY+qM=", "last_login": null, "is_superuser": false, "username": "user", "first_name": "", "last_name": "", "email": "111@test.com", "is_staff": false, "is_active": true, "date_joined": "2020-12-02T01:11:19.236Z", "groups": [], "user_permissions": []}}, {"model": "auth.user", "pk": 25, "fields": {"password": "111", "last_login": null, "is_superuser": false, "username": "w", "first_name": "111", "last_name": "111", "email": "111@test.com", "is_staff": false, "is_active": true, "date_joined": "2020-12-02T01:47:24.350Z", "groups": [], "user_permissions": []}}, {"model": "auth.user", "pk": 26, "fields": {"password": "qqq", "last_login": null, "is_superuser": false, "username": "wentao", "first_name": "qqq", "last_name": "qqq", "email": "222@222.com", "is_staff": false, "is_active": true, "date_joined": "2020-12-02T02:30:45.307Z", "groups": [], "user_permissions": []}}, {"model": "auth.user", "pk": 27, "fields": {"password": "pbkdf2_sha256$216000$QM5mkF9yharS$2Psnms4EbimaLM7l2MjKcyxnYM84Sz0OdRlFkJLQcts=", "last_login": null, "is_superuser": false, "username": "321", "first_name": "", "last_name": "", "email": "111@test.com", "is_staff": false, "is_active": true, "date_joined": "2020-12-02T02:39:36.148Z", "groups": [], "user_permissions": []}}, {"model": "auth.user", "pk": 28, "fields": {"password": "pbkdf2_sha256$216000$job7McorIKnH$I+NvrK3jXrLgiSt+q21zM6nWGJtgwHlm5wrEkv87ygw=", "last_login": null, "is_superuser": false, "username": "6666", "first_name": "", "last_name": "", "email": "111@test.com", "is_staff": false, "is_active": true, "date_joined": "2020-12-02T03:05:44.196Z", "groups": [], "user_permissions": []}}, {"model": "auth.user", "pk": 29, "fields": {"password": "pbkdf2_sha256$216000$QUjieX3HlOQm$FnoxhYqJ9ROInKcs4hAXIph6QJybXGRpAhzDm31rfD8=", "last_login": null, "is_superuser": false, "username": "dddd", "first_name": "", "last_name": "", "email": "111@test.com", "is_staff": false, "is_active": true, "date_joined": "2020-12-03T04:21:28.051Z", "groups": [], "user_permissions": []}}, {"model": "auth.user", "pk": 30, "fields": {"password": "pbkdf2_sha256$216000$XA3aBFgdbVUK$w5psbuvbzAs1BxKh1+NqeYhTXf1BxQ6g8AgSdICGYZs=", "last_login": null, "is_superuser": false, "username": "ffff", "first_name": "", "last_name": "", "email": "111@test.com", "is_staff": false, "is_active": true, "date_joined": "2020-12-03T18:18:35.431Z", "groups": [], "user_permissions": []}}, {"model": "auth.user", "pk": 31, "fields": {"password": "pbkdf2_sha256$216000$vn1DwtqAGPbg$zO6hmtOhFsrHVb59EwFDSJDzY9kcimHjPp+zXRZAVKU=", "last_login": null, "is_superuser": false, "username": "ppp", "first_name": "", "last_name": "", "email": "111@test.com", "is_staff": false, "is_active": true, "date_joined": "2020-12-03T21:50:45.290Z", "groups": [], "user_permissions": []}}, {"model": "auth.user", "pk": 32, "fields": {"password": "pbkdf2_sha256$216000$PBNPJ0nC8dcN$a7FMxMdvM1tMPl+Uh0vtJbwWc6BRBbq0Yoijj5q4OcQ=", "last_login": null, "is_superuser": false, "username": "jjj", "first_name": "", "last_name": "", "email": "5233938@163.com", "is_staff": false, "is_active": true, "date_joined": "2020-12-11T18:15:49.984Z", "groups": [], "user_permissions": []}}, {"model": "auth.user", "pk": 33, "fields": {"password": "pbkdf2_sha256$216000$VJykoGD0vIct$kNSUN5oglmZqRDT2dCw0bC8qaC/0OWNbmF/zHduoMpc=", "last_login": null, "is_superuser": false, "username": "test3", "first_name": "", "last_name": "", "email": "test@123.com", "is_staff": false, "is_active": true, "date_joined": "2020-12-11T20:56:42.776Z", "groups": [], "user_permissions": []}}, {"model": "contenttypes.contenttype", "pk": 1, "fields": {"app_label": "admin", "model": "logentry"}}, {"model": "contenttypes.contenttype", "pk": 2, "fields": {"app_label": "auth", "model": "permission"}}, {"model": "contenttypes.contenttype", "pk": 3, "fields": {"app_label": "auth", "model": "group"}}, {"model": "contenttypes.contenttype", "pk": 4, "fields": {"app_label": "auth", "model": "user"}}, {"model": "contenttypes.contenttype", "pk": 5, "fields": {"app_label": "contenttypes", "model": "contenttype"}}, {"model": "contenttypes.contenttype", "pk": 6, "fields": {"app_label": "sessions", "model": "session"}}, {"model": "contenttypes.contenttype", "pk": 7, "fields": {"app_label": "news", "model": "newstory"}}, {"model": "contenttypes.contenttype", "pk": 8, "fields": {"app_label": "news", "model": "comments"}}, {"model": "contenttypes.contenttype", "pk": 9, "fields": {"app_label": "users", "model": "details"}}, {"model": "contenttypes.contenttype", "pk": 10, "fields": {"app_label": "actions", "model": "action"}}, {"model": "sessions.session", "pk": "ck565g3h4lcapcic27heinqemrte1rwe", "fields": {"session_data": "eyJ1c2VybmFtZSI6InBwcCIsInJvbGUiOiJhZG1pbiJ9:1knuAp:9oZANyFq7sSZ2minW7p3Unbh66yBoXHsZlAhcP7C4ag", "expire_date": "2020-12-26T01:58:15.750Z"}}, {"model": "sessions.session", "pk": "f1ky2r93x7t428q8q5v9if9lumtg6w48", "fields": {"session_data": "eyJ1c2VybmFtZSI6IndlbnRhbyIsInJvbGUiOiJ3ZW50YW8ifQ:1kZ3xM:p9veEPr8H8RnTo4ziir4I6v6vwmlGGia9_ZILw0sHvA", "expire_date": "2020-11-15T03:23:00.663Z"}}, {"model": "sessions.session", "pk": "tuu0e7vqla719kg4coyl6uft8xsf3jx1", "fields": {"session_data": "eyJ1c2VybmFtZSI6InBwcCIsInJvbGUiOiJhZG1pbiJ9:1knprM:CasnoYHjzkB9SGXI5CBFy_kUkxkY3swGwcaxxCIswTk", "expire_date": "2020-12-25T21:21:52.558Z"}}, {"model": "news.newstory", "pk": 125, "fields": {"year": 1451, "title": "The Fall of Empire", "description": "The Empire is torn by civil war. After the death of the late Emperor, the Empire is divided into three. At the same time, Beyond its borders, new kingdoms rise. Who will catch the Destiny of this time? The successors of the Empire, or the Anti-Empire Kingdoms?", "url": "https://www.taleworlds.com/en/Games/Bannerlord", "num": 0, "sum": 0.0, "ave": 0.0, "author": "ppp", "user": 31, "date": "2020-12-11T23:25:15.209Z", "language": "English", "ConfidenceScore": 0.98}}, {"model": "news.newstory", "pk": 126, "fields": {"year": 1644, "title": "With Fire and Sword", "description": "With Fire & Sword is a brand new stand-alone expansion pack experience set in the war-torn lands of 17th Century Eastern Europe. Join the fight for freedom, domination, or riches as five battling nations vye for control over their destinies. Come experience great new additions!!", "url": "https://www.taleworlds.com/en/Games/FireAndSword", "num": 0, "sum": 0.0, "ave": 0.0, "author": "ppp", "user": 31, "date": "2020-12-12T01:28:25.501Z", "language": "English", "ConfidenceScore": 0.97}}, {"model": "news.newstory", "pk": 127, "fields": {"year": 1803, "title": "Napoleonic Wars", "description": "Napoleonic Wars is a multiplayer DLC (expansion pack) for Mount & Blade: Warband featuring the last years of the Napoleonic Wars. Experience the thrill of Napoleonic warfare first hand and take part in the invasion of Russia or fight the French at Waterloo from the front line!", "url": "https://www.taleworlds.com/en/Games/NapoleonicWars", "num": 0, "sum": 0.0, "ave": 0.0, "author": "ppp", "user": 31, "date": "2020-12-12T01:31:30.810Z", "language": "English", "ConfidenceScore": 0.98}}, {"model": "news.newstory", "pk": 128, "fields": {"year": 200, "title": "官渡之战", "description": "河北袁绍击败了宿敌公孙瓒，曹操此刻也基本平定中原，双雄之争一触即发……", "url": "https://www.fx168.com/fx168_t/2009/4254470.shtml", "num": 0, "sum": 0.0, "ave": 0.0, "author": "ppp", "user": 31, "date": "2020-12-12T02:18:47.308Z", "language": "Chinese_Simplified", "ConfidenceScore": 1.0}}, {"model": "news.comments", "pk": 91, "fields": {"content": "This is a Very Good One!! ", "storyid": 125, "author": "ppp", "date": "2020-12-12T01:37:00.712Z"}}, {"model": "users.details", "pk": 12, "fields": {"user": 18, "role": "regular"}}, {"model": "users.details", "pk": 13, "fields": {"user": 19, "role": "admin"}}, {"model": "users.details", "pk": 14, "fields": {"user": 20, "role": "regular"}}, {"model": "users.details", "pk": 15, "fields": {"user": 21, "role": "admin"}}, {"model": "users.details", "pk": 16, "fields": {"user": 22, "role": "regular"}}, {"model": "users.details", "pk": 17, "fields": {"user": 23, "role": "regular"}}, {"model": "users.details", "pk": 18, "fields": {"user": 24, "role": "regular"}}, {"model": "users.details", "pk": 19, "fields": {"user": 25, "role": "regular"}}, {"model": "users.details", "pk": 20, "fields": {"user": 26, "role": "admin"}}, {"model": "users.details", "pk": 21, "fields": {"user": 27, "role": "regular"}}, {"model": "users.details", "pk": 22, "fields": {"user": 28, "role": "regular"}}, {"model": "users.details", "pk": 23, "fields": {"user": 29, "role": "regular"}}, {"model": "users.details", "pk": 24, "fields": {"user": 30, "role": "regular"}}, {"model": "users.details", "pk": 25, "fields": {"user": 31, "role": "admin"}}, {"model": "users.details", "pk": 26, "fields": {"user": 32, "role": "regular"}}, {"model": "users.details", "pk": 27, "fields": {"user": 33, "role": "regular"}}, {"model": "actions.action", "pk": 1, "fields": {"user": 22, "verb": "created new scenarios", "target_content": 7, "target_id": 72, "created": "2020-11-29T22:53:08.312Z"}}, {"model": "actions.action", "pk": 2, "fields": {"user": 22, "verb": "created new scenarios", "target_content": 7, "target_id": 73, "created": "2020-12-01T17:43:58.582Z"}}, {"model": "actions.action", "pk": 3, "fields": {"user": 23, "verb": "created new scenarios", "target_content": 7, "target_id": 74, "created": "2020-12-01T22:05:49.541Z"}}, {"model": "actions.action", "pk": 4, "fields": {"user": 23, "verb": "deleted scenario", "target_content": 7, "target_id": null, "created": "2020-12-01T22:58:53.298Z"}}, {"model": "actions.action", "pk": 5, "fields": {"user": 23, "verb": "deleted scenario", "target_content": 7, "target_id": 73, "created": "2020-12-01T23:06:51.399Z"}}, {"model": "actions.action", "pk": 6, "fields": {"user": 23, "verb": "edited scenario", "target_content": 7, "target_id": 73, "created": "2020-12-01T23:07:35.493Z"}}, {"model": "actions.action", "pk": 7, "fields": {"user": 23, "verb": "deleted scenario", "target_content": 7, "target_id": 73, "created": "2020-12-01T23:08:42.998Z"}}, {"model": "actions.action", "pk": 8, "fields": {"user": 23, "verb": "deleted scenario", "target_content": 7, "target_id": 72, "created": "2020-12-01T23:08:47.950Z"}}, {"model": "actions.action", "pk": 9, "fields": {"user": 23, "verb": "added a comment on", "target_content": 7, "target_id": 44, "created": "2020-12-01T23:15:34.610Z"}}, {"model": "actions.action", "pk": 10, "fields": {"user": 22, "verb": "added a comment on", "target_content": 7, "target_id": 44, "created": "2020-12-01T23:40:28.955Z"}}, {"model": "actions.action", "pk": 11, "fields": {"user": 22, "verb": "created new scenario", "target_content": 7, "target_id": 75, "created": "2020-12-01T23:57:07.159Z"}}, {"model": "actions.action", "pk": 12, "fields": {"user": 23, "verb": "created new scenario", "target_content": 7, "target_id": 76, "created": "2020-12-01T23:59:57.012Z"}}, {"model": "actions.action", "pk": 13, "fields": {"user": 23, "verb": "renewed Profile", "target_content": null, "target_id": null, "created": "2020-12-02T01:02:26.816Z"}}, {"model": "actions.action", "pk": 14, "fields": {"user": 23, "verb": "renewed Profile", "target_content": null, "target_id": null, "created": "2020-12-02T01:03:22.239Z"}}, {"model": "actions.action", "pk": 15, "fields": {"user": 22, "verb": "renewed Profile", "target_content": null, "target_id": null, "created": "2020-12-02T01:04:43.634Z"}}, {"model": "actions.action", "pk": 16, "fields": {"user": 22, "verb": "renewed Profile", "target_content": null, "target_id": null, "created": "2020-12-02T01:05:17.462Z"}}, {"model": "actions.action", "pk": 17, "fields": {"user": 23, "verb": "renewed Profile of", "target_content": 4, "target_id": 23, "created": "2020-12-02T01:39:50.516Z"}}, {"model": "actions.action", "pk": 18, "fields": {"user": 23, "verb": "renewed Profile of", "target_content": 4, "target_id": 23, "created": "2020-12-02T01:42:14.046Z"}}, {"model": "actions.action", "pk": 19, "fields": {"user": 22, "verb": "renewed Profile of", "target_content": 4, "target_id": 22, "created": "2020-12-02T01:44:05.324Z"}}, {"model": "actions.action", "pk": 20, "fields": {"user": 25, "verb": "renewed Profile of", "target_content": 4, "target_id": 25, "created": "2020-12-02T02:02:11.607Z"}}, {"model": "actions.action", "pk": 21, "fields": {"user": 25, "verb": "edited scenario", "target_content": 7, "target_id": 44, "created": "2020-12-02T02:15:19.202Z"}}, {"model": "actions.action", "pk": 22, "fields": {"user": 25, "verb": "renewed Profile of", "target_content": 4, "target_id": 25, "created": "2020-12-02T02:25:14.606Z"}}, {"model": "actions.action", "pk": 23, "fields": {"user": 27, "verb": "added a comment on", "target_content": 7, "target_id": 76, "created": "2020-12-02T02:40:02.029Z"}}, {"model": "actions.action", "pk": 24, "fields": {"user": 27, "verb": "added a comment on", "target_content": 7, "target_id": 76, "created": "2020-12-02T02:40:05.416Z"}}, {"model": "actions.action", "pk": 25, "fields": {"user": 27, "verb": "added a comment on", "target_content": 7, "target_id": 76, "created": "2020-12-02T02:43:46.357Z"}}, {"model": "actions.action", "pk": 26, "fields": {"user": 27, "verb": "added a comment on", "target_content": 7, "target_id": 76, "created": "2020-12-02T02:44:10.200Z"}}, {"model": "actions.action", "pk": 27, "fields": {"user": 27, "verb": "added a comment on", "target_content": 7, "target_id": 75, "created": "2020-12-02T02:46:31.310Z"}}, {"model": "actions.action", "pk": 28, "fields": {"user": 27, "verb": "added a comment on", "target_content": 7, "target_id": 75, "created": "2020-12-02T02:46:36.330Z"}}, {"model": "actions.action", "pk": 29, "fields": {"user": 27, "verb": "added a comment on", "target_content": 7, "target_id": 44, "created": "2020-12-02T02:48:15.111Z"}}, {"model": "actions.action", "pk": 30, "fields": {"user": 27, "verb": "added a comment on", "target_content": 7, "target_id": 44, "created": "2020-12-02T02:48:37.797Z"}}, {"model": "actions.action", "pk": 31, "fields": {"user": 27, "verb": "added a comment on", "target_content": 7, "target_id": 44, "created": "2020-12-02T02:48:52.079Z"}}, {"model": "actions.action", "pk": 32, "fields": {"user": 27, "verb": "added a comment on", "target_content": 7, "target_id": 44, "created": "2020-12-02T02:49:36.570Z"}}, {"model": "actions.action", "pk": 33, "fields": {"user": 27, "verb": "added a comment on", "target_content": 7, "target_id": 44, "created": "2020-12-02T02:50:52.054Z"}}, {"model": "actions.action", "pk": 34, "fields": {"user": 27, "verb": "added a comment on", "target_content": 7, "target_id": 55, "created": "2020-12-02T02:51:13.016Z"}}, {"model": "actions.action", "pk": 35, "fields": {"user": 27, "verb": "added a comment on", "target_content": 7, "target_id": 55, "created": "2020-12-02T02:51:15.668Z"}}, {"model": "actions.action", "pk": 36, "fields": {"user": 28, "verb": "added a comment on", "target_content": 7, "target_id": 76, "created": "2020-12-02T03:06:10.136Z"}}, {"model": "actions.action", "pk": 37, "fields": {"user": 28, "verb": "added a comment on", "target_content": 7, "target_id": 76, "created": "2020-12-02T03:06:16.430Z"}}, {"model": "actions.action", "pk": 38, "fields": {"user": 28, "verb": "added a comment on", "target_content": 7, "target_id": 76, "created": "2020-12-02T03:07:01.927Z"}}, {"model": "actions.action", "pk": 39, "fields": {"user": 28, "verb": "added a comment on", "target_content": 7, "target_id": 76, "created": "2020-12-02T03:07:06.683Z"}}, {"model": "actions.action", "pk": 40, "fields": {"user": 28, "verb": "added a comment on", "target_content": 7, "target_id": 44, "created": "2020-12-02T03:10:06.535Z"}}, {"model": "actions.action", "pk": 41, "fields": {"user": 28, "verb": "added a comment on", "target_content": 7, "target_id": 44, "created": "2020-12-02T03:10:11.086Z"}}, {"model": "actions.action", "pk": 42, "fields": {"user": 28, "verb": "added a comment on", "target_content": 7, "target_id": 44, "created": "2020-12-02T03:12:39.813Z"}}, {"model": "actions.action", "pk": 43, "fields": {"user": 28, "verb": "added a comment on", "target_content": 7, "target_id": 44, "created": "2020-12-02T03:13:07.904Z"}}, {"model": "actions.action", "pk": 44, "fields": {"user": 28, "verb": "added a comment on", "target_content": 7, "target_id": 44, "created": "2020-12-02T03:14:15.597Z"}}, {"model": "actions.action", "pk": 45, "fields": {"user": 28, "verb": "added a comment on", "target_content": 7, "target_id": 44, "created": "2020-12-02T03:15:08.999Z"}}, {"model": "actions.action", "pk": 46, "fields": {"user": 28, "verb": "added a comment on", "target_content": 7, "target_id": 44, "created": "2020-12-02T03:16:16.972Z"}}, {"model": "actions.action", "pk": 47, "fields": {"user": 28, "verb": "added a comment on", "target_content": 7, "target_id": 44, "created": "2020-12-02T03:17:51.421Z"}}, {"model": "actions.action", "pk": 48, "fields": {"user": 28, "verb": "added a comment on", "target_content": 7, "target_id": 44, "created": "2020-12-02T03:19:29.028Z"}}, {"model": "actions.action", "pk": 49, "fields": {"user": 28, "verb": "added a comment on", "target_content": 7, "target_id": 44, "created": "2020-12-02T03:21:28.694Z"}}, {"model": "actions.action", "pk": 50, "fields": {"user": 28, "verb": "added a comment on", "target_content": 7, "target_id": 44, "created": "2020-12-02T03:22:07.591Z"}}, {"model": "actions.action", "pk": 51, "fields": {"user": 28, "verb": "added a comment on", "target_content": 7, "target_id": 44, "created": "2020-12-02T03:22:08.653Z"}}, {"model": "actions.action", "pk": 52, "fields": {"user": 28, "verb": "added a comment on", "target_content": 7, "target_id": 44, "created": "2020-12-02T03:24:32.498Z"}}, {"model": "actions.action", "pk": 53, "fields": {"user": 28, "verb": "added a comment on", "target_content": 7, "target_id": 44, "created": "2020-12-02T03:24:42.841Z"}}, {"model": "actions.action", "pk": 54, "fields": {"user": 28, "verb": "added a comment on", "target_content": 7, "target_id": 44, "created": "2020-12-02T03:25:09.387Z"}}, {"model": "actions.action", "pk": 55, "fields": {"user": 28, "verb": "added a comment on", "target_content": 7, "target_id": 44, "created": "2020-12-02T03:28:04.242Z"}}, {"model": "actions.action", "pk": 56, "fields": {"user": 28, "verb": "added a comment on", "target_content": 7, "target_id": 44, "created": "2020-12-02T03:29:24.571Z"}}, {"model": "actions.action", "pk": 57, "fields": {"user": 26, "verb": "created new scenario", "target_content": 7, "target_id": 77, "created": "2020-12-02T03:54:24.963Z"}}, {"model": "actions.action", "pk": 58, "fields": {"user": 29, "verb": "created new scenario", "target_content": 7, "target_id": 78, "created": "2020-12-03T04:21:55.778Z"}}, {"model": "actions.action", "pk": 59, "fields": {"user": 29, "verb": "created new scenario", "target_content": 7, "target_id": 79, "created": "2020-12-03T04:32:40.730Z"}}, {"model": "actions.action", "pk": 60, "fields": {"user": 26, "verb": "added a comment on", "target_content": 7, "target_id": 77, "created": "2020-12-03T18:00:21.089Z"}}, {"model": "actions.action", "pk": 61, "fields": {"user": 26, "verb": "added a comment on", "target_content": 7, "target_id": 77, "created": "2020-12-03T18:04:51.433Z"}}, {"model": "actions.action", "pk": 62, "fields": {"user": 30, "verb": "added a comment on", "target_content": 7, "target_id": 55, "created": "2020-12-03T21:14:24.854Z"}}, {"model": "actions.action", "pk": 63, "fields": {"user": 31, "verb": "created new scenario", "target_content": 7, "target_id": 80, "created": "2020-12-03T21:51:00.502Z"}}, {"model": "actions.action", "pk": 64, "fields": {"user": 26, "verb": "created new scenario", "target_content": 7, "target_id": 81, "created": "2020-12-07T02:18:37.365Z"}}, {"model": "actions.action", "pk": 65, "fields": {"user": 26, "verb": "created new scenario", "target_content": 7, "target_id": 82, "created": "2020-12-07T02:59:48.810Z"}}, {"model": "actions.action", "pk": 66, "fields": {"user": 26, "verb": "created new scenario", "target_content": 7, "target_id": 83, "created": "2020-12-07T03:02:06.312Z"}}, {"model": "actions.action", "pk": 67, "fields": {"user": 26, "verb": "created new scenario", "target_content": 7, "target_id": 84, "created": "2020-12-07T03:42:44.378Z"}}, {"model": "actions.action", "pk": 68, "fields": {"user": 26, "verb": "renewed Profile of", "target_content": 4, "target_id": 26, "created": "2020-12-09T18:37:55.266Z"}}, {"model": "actions.action", "pk": 69, "fields": {"user": 26, "verb": "created new scenario", "target_content": 7, "target_id": 85, "created": "2020-12-11T06:02:30.594Z"}}, {"model": "actions.action", "pk": 70, "fields": {"user": 26, "verb": "created new scenario", "target_content": 7, "target_id": 86, "created": "2020-12-11T06:04:04.876Z"}}, {"model": "actions.action", "pk": 71, "fields": {"user": 26, "verb": "deleted scenario", "target_content": 7, "target_id": 86, "created": "2020-12-11T06:04:17.972Z"}}, {"model": "actions.action", "pk": 72, "fields": {"user": 26, "verb": "created new scenario", "target_content": 7, "target_id": 87, "created": "2020-12-11T06:04:41.765Z"}}, {"model": "actions.action", "pk": 73, "fields": {"user": 26, "verb": "created new scenario", "target_content": 7, "target_id": 88, "created": "2020-12-11T06:05:34.158Z"}}, {"model": "actions.action", "pk": 74, "fields": {"user": 26, "verb": "created new scenario", "target_content": 7, "target_id": 89, "created": "2020-12-11T06:11:57.264Z"}}, {"model": "actions.action", "pk": 75, "fields": {"user": 26, "verb": "deleted scenario", "target_content": 7, "target_id": 88, "created": "2020-12-11T06:12:13.562Z"}}, {"model": "actions.action", "pk": 76, "fields": {"user": 26, "verb": "created new scenario", "target_content": 7, "target_id": 90, "created": "2020-12-11T06:13:26.352Z"}}, {"model": "actions.action", "pk": 77, "fields": {"user": 26, "verb": "created new scenario", "target_content": 7, "target_id": 91, "created": "2020-12-11T06:19:56.396Z"}}, {"model": "actions.action", "pk": 78, "fields": {"user": 26, "verb": "created new scenario", "target_content": 7, "target_id": 92, "created": "2020-12-11T06:36:15.166Z"}}, {"model": "actions.action", "pk": 79, "fields": {"user": 26, "verb": "created new scenario", "target_content": 7, "target_id": 93, "created": "2020-12-11T06:37:21.958Z"}}, {"model": "actions.action", "pk": 80, "fields": {"user": 26, "verb": "created new scenario", "target_content": 7, "target_id": 94, "created": "2020-12-11T06:41:32.762Z"}}, {"model": "actions.action", "pk": 81, "fields": {"user": 26, "verb": "created new scenario", "target_content": 7, "target_id": 95, "created": "2020-12-11T06:42:17.077Z"}}, {"model": "actions.action", "pk": 82, "fields": {"user": 26, "verb": "created new scenario", "target_content": 7, "target_id": 96, "created": "2020-12-11T06:45:53.758Z"}}, {"model": "actions.action", "pk": 83, "fields": {"user": 26, "verb": "deleted scenario", "target_content": 7, "target_id": 96, "created": "2020-12-11T06:46:00.708Z"}}, {"model": "actions.action", "pk": 84, "fields": {"user": 26, "verb": "deleted scenario", "target_content": 7, "target_id": 95, "created": "2020-12-11T06:46:05.731Z"}}, {"model": "actions.action", "pk": 85, "fields": {"user": 26, "verb": "deleted scenario", "target_content": 7, "target_id": 94, "created": "2020-12-11T06:46:10.094Z"}}, {"model": "actions.action", "pk": 86, "fields": {"user": 26, "verb": "created new scenario", "target_content": 7, "target_id": 97, "created": "2020-12-11T06:47:53.735Z"}}, {"model": "actions.action", "pk": 87, "fields": {"user": 26, "verb": "created new scenario", "target_content": 7, "target_id": 98, "created": "2020-12-11T06:49:00.596Z"}}, {"model": "actions.action", "pk": 88, "fields": {"user": 26, "verb": "created new scenario", "target_content": 7, "target_id": 99, "created": "2020-12-11T06:51:03.147Z"}}, {"model": "actions.action", "pk": 89, "fields": {"user": 26, "verb": "created new scenario", "target_content": 7, "target_id": 100, "created": "2020-12-11T06:51:41.592Z"}}, {"model": "actions.action", "pk": 90, "fields": {"user": 26, "verb": "deleted scenario", "target_content": 7, "target_id": 100, "created": "2020-12-11T06:51:46.028Z"}}, {"model": "actions.action", "pk": 91, "fields": {"user": 26, "verb": "deleted scenario", "target_content": 7, "target_id": 99, "created": "2020-12-11T06:51:49.606Z"}}, {"model": "actions.action", "pk": 92, "fields": {"user": 26, "verb": "deleted scenario", "target_content": 7, "target_id": 98, "created": "2020-12-11T06:51:52.547Z"}}, {"model": "actions.action", "pk": 93, "fields": {"user": 26, "verb": "deleted scenario", "target_content": 7, "target_id": 97, "created": "2020-12-11T06:51:55.315Z"}}, {"model": "actions.action", "pk": 94, "fields": {"user": 26, "verb": "deleted scenario", "target_content": 7, "target_id": 93, "created": "2020-12-11T06:51:58.159Z"}}, {"model": "actions.action", "pk": 95, "fields": {"user": 26, "verb": "deleted scenario", "target_content": 7, "target_id": 92, "created": "2020-12-11T06:52:01.194Z"}}, {"model": "actions.action", "pk": 96, "fields": {"user": 26, "verb": "deleted scenario", "target_content": 7, "target_id": 91, "created": "2020-12-11T06:52:05.034Z"}}, {"model": "actions.action", "pk": 97, "fields": {"user": 26, "verb": "deleted scenario", "target_content": 7, "target_id": 90, "created": "2020-12-11T06:52:08.670Z"}}, {"model": "actions.action", "pk": 98, "fields": {"user": 26, "verb": "deleted scenario", "target_content": 7, "target_id": 89, "created": "2020-12-11T06:52:15.137Z"}}, {"model": "actions.action", "pk": 99, "fields": {"user": 26, "verb": "deleted scenario", "target_content": 7, "target_id": 87, "created": "2020-12-11T06:52:25.106Z"}}, {"model": "actions.action", "pk": 100, "fields": {"user": 26, "verb": "created new scenario", "target_content": 7, "target_id": 101, "created": "2020-12-11T06:57:04.212Z"}}, {"model": "actions.action", "pk": 101, "fields": {"user": 26, "verb": "created new scenario", "target_content": 7, "target_id": 102, "created": "2020-12-11T06:57:34.912Z"}}, {"model": "actions.action", "pk": 102, "fields": {"user": 26, "verb": "created new scenario", "target_content": 7, "target_id": 103, "created": "2020-12-11T06:58:09.385Z"}}, {"model": "actions.action", "pk": 103, "fields": {"user": 26, "verb": "created new scenario", "target_content": 7, "target_id": 104, "created": "2020-12-11T06:58:48.699Z"}}, {"model": "actions.action", "pk": 104, "fields": {"user": 26, "verb": "created new scenario", "target_content": 7, "target_id": 105, "created": "2020-12-11T07:00:37.062Z"}}, {"model": "actions.action", "pk": 105, "fields": {"user": 26, "verb": "created new scenario", "target_content": 7, "target_id": 106, "created": "2020-12-11T07:01:24.629Z"}}, {"model": "actions.action", "pk": 106, "fields": {"user": 26, "verb": "created new scenario", "target_content": 7, "target_id": 107, "created": "2020-12-11T14:25:03.990Z"}}, {"model": "actions.action", "pk": 107, "fields": {"user": 26, "verb": "deleted scenario", "target_content": 7, "target_id": 107, "created": "2020-12-11T14:25:11.349Z"}}, {"model": "actions.action", "pk": 108, "fields": {"user": 26, "verb": "deleted scenario", "target_content": 7, "target_id": 106, "created": "2020-12-11T14:51:05.423Z"}}, {"model": "actions.action", "pk": 109, "fields": {"user": 26, "verb": "deleted scenario", "target_content": 7, "target_id": 105, "created": "2020-12-11T14:51:11.160Z"}}, {"model": "actions.action", "pk": 110, "fields": {"user": 26, "verb": "deleted scenario", "target_content": 7, "target_id": 104, "created": "2020-12-11T14:51:15.762Z"}}, {"model": "actions.action", "pk": 111, "fields": {"user": 26, "verb": "deleted scenario", "target_content": 7, "target_id": 103, "created": "2020-12-11T14:51:20.905Z"}}, {"model": "actions.action", "pk": 112, "fields": {"user": 26, "verb": "deleted scenario", "target_content": 7, "target_id": 102, "created": "2020-12-11T14:51:24.329Z"}}, {"model": "actions.action", "pk": 113, "fields": {"user": 26, "verb": "deleted scenario", "target_content": 7, "target_id": 101, "created": "2020-12-11T14:51:31.798Z"}}, {"model": "actions.action", "pk": 114, "fields": {"user": 26, "verb": "deleted scenario", "target_content": 7, "target_id": 85, "created": "2020-12-11T14:51:35.887Z"}}, {"model": "actions.action", "pk": 115, "fields": {"user": 26, "verb": "deleted scenario", "target_content": 7, "target_id": 84, "created": "2020-12-11T14:51:42.192Z"}}, {"model": "actions.action", "pk": 116, "fields": {"user": 26, "verb": "deleted scenario", "target_content": 7, "target_id": 83, "created": "2020-12-11T14:51:45.982Z"}}, {"model": "actions.action", "pk": 117, "fields": {"user": 26, "verb": "deleted scenario", "target_content": 7, "target_id": 82, "created": "2020-12-11T14:51:51.837Z"}}, {"model": "actions.action", "pk": 118, "fields": {"user": 26, "verb": "deleted scenario", "target_content": 7, "target_id": 81, "created": "2020-12-11T14:51:55.346Z"}}, {"model": "actions.action", "pk": 119, "fields": {"user": 26, "verb": "deleted scenario", "target_content": 7, "target_id": 80, "created": "2020-12-11T14:51:58.611Z"}}, {"model": "actions.action", "pk": 120, "fields": {"user": 26, "verb": "deleted scenario", "target_content": 7, "target_id": 79, "created": "2020-12-11T14:52:06.712Z"}}, {"model": "actions.action", "pk": 121, "fields": {"user": 26, "verb": "deleted scenario", "target_content": 7, "target_id": 78, "created": "2020-12-11T14:53:59.754Z"}}, {"model": "actions.action", "pk": 122, "fields": {"user": 26, "verb": "created new scenario", "target_content": 7, "target_id": 108, "created": "2020-12-11T14:54:30.043Z"}}, {"model": "actions.action", "pk": 123, "fields": {"user": 26, "verb": "deleted scenario", "target_content": 7, "target_id": 108, "created": "2020-12-11T15:04:30.295Z"}}, {"model": "actions.action", "pk": 124, "fields": {"user": 26, "verb": "deleted scenario", "target_content": 7, "target_id": 77, "created": "2020-12-11T15:04:33.515Z"}}, {"model": "actions.action", "pk": 125, "fields": {"user": 26, "verb": "deleted scenario", "target_content": 7, "target_id": 76, "created": "2020-12-11T15:04:43.535Z"}}, {"model": "actions.action", "pk": 126, "fields": {"user": 26, "verb": "deleted scenario", "target_content": 7, "target_id": 75, "created": "2020-12-11T15:05:04.041Z"}}, {"model": "actions.action", "pk": 127, "fields": {"user": 26, "verb": "deleted scenario", "target_content": 7, "target_id": 69, "created": "2020-12-11T15:05:09.278Z"}}, {"model": "actions.action", "pk": 128, "fields": {"user": 26, "verb": "deleted scenario", "target_content": 7, "target_id": 68, "created": "2020-12-11T15:05:12.388Z"}}, {"model": "actions.action", "pk": 129, "fields": {"user": 26, "verb": "created new scenario", "target_content": 7, "target_id": 109, "created": "2020-12-11T15:06:44.886Z"}}, {"model": "actions.action", "pk": 130, "fields": {"user": 26, "verb": "created new scenario", "target_content": 7, "target_id": 110, "created": "2020-12-11T15:08:12.165Z"}}, {"model": "actions.action", "pk": 131, "fields": {"user": 26, "verb": "created new scenario", "target_content": 7, "target_id": 111, "created": "2020-12-11T15:11:42.977Z"}}, {"model": "actions.action", "pk": 132, "fields": {"user": 26, "verb": "deleted scenario", "target_content": 7, "target_id": 111, "created": "2020-12-11T15:11:51.140Z"}}, {"model": "actions.action", "pk": 133, "fields": {"user": 26, "verb": "deleted scenario", "target_content": 7, "target_id": 110, "created": "2020-12-11T16:51:29.996Z"}}, {"model": "actions.action", "pk": 134, "fields": {"user": 26, "verb": "deleted scenario", "target_content": 7, "target_id": 109, "created": "2020-12-11T16:51:34.580Z"}}, {"model": "actions.action", "pk": 135, "fields": {"user": 26, "verb": "renewed Profile of", "target_content": 4, "target_id": 19, "created": "2020-12-11T18:00:11.837Z"}}, {"model": "actions.action", "pk": 136, "fields": {"user": 26, "verb": "created new scenario", "target_content": 7, "target_id": 112, "created": "2020-12-11T18:09:31.603Z"}}, {"model": "actions.action", "pk": 137, "fields": {"user": 26, "verb": "created new scenario", "target_content": 7, "target_id": 113, "created": "2020-12-11T18:23:20.488Z"}}, {"model": "actions.action", "pk": 138, "fields": {"user": 26, "verb": "created new scenario", "target_content": 7, "target_id": 114, "created": "2020-12-11T18:25:30.958Z"}}, {"model": "actions.action", "pk": 139, "fields": {"user": 26, "verb": "created new scenario", "target_content": 7, "target_id": 115, "created": "2020-12-11T19:58:23.775Z"}}, {"model": "actions.action", "pk": 140, "fields": {"user": 26, "verb": "deleted scenario", "target_content": 7, "target_id": 44, "created": "2020-12-11T20:04:14.325Z"}}, {"model": "actions.action", "pk": 141, "fields": {"user": 26, "verb": "deleted scenario", "target_content": 7, "target_id": 55, "created": "2020-12-11T20:04:18.792Z"}}, {"model": "actions.action", "pk": 142, "fields": {"user": 26, "verb": "added a comment on", "target_content": 7, "target_id": 63, "created": "2020-12-11T20:15:29.951Z"}}, {"model": "actions.action", "pk": 143, "fields": {"user": 26, "verb": "added a comment on", "target_content": 7, "target_id": 63, "created": "2020-12-11T20:15:49.520Z"}}, {"model": "actions.action", "pk": 144, "fields": {"user": 26, "verb": "added a comment on", "target_content": 7, "target_id": 63, "created": "2020-12-11T20:15:53.550Z"}}, {"model": "actions.action", "pk": 145, "fields": {"user": 26, "verb": "added a comment on", "target_content": 7, "target_id": 63, "created": "2020-12-11T20:16:09.778Z"}}, {"model": "actions.action", "pk": 146, "fields": {"user": 26, "verb": "added a comment on", "target_content": 7, "target_id": 63, "created": "2020-12-11T20:16:18.588Z"}}, {"model": "actions.action", "pk": 147, "fields": {"user": 26, "verb": "renewed Profile of", "target_content": 4, "target_id": 21, "created": "2020-12-11T20:20:33.417Z"}}, {"model": "actions.action", "pk": 148, "fields": {"user": 26, "verb": "created new scenario", "target_content": 7, "target_id": 116, "created": "2020-12-11T20:46:52.263Z"}}, {"model": "actions.action", "pk": 149, "fields": {"user": 26, "verb": "deleted scenario", "target_content": 7, "target_id": 116, "created": "2020-12-11T20:47:45.774Z"}}, {"model": "actions.action", "pk": 150, "fields": {"user": 26, "verb": "deleted scenario", "target_content": 7, "target_id": 115, "created": "2020-12-11T20:49:17.928Z"}}, {"model": "actions.action", "pk": 151, "fields": {"user": 26, "verb": "deleted scenario", "target_content": 7, "target_id": 114, "created": "2020-12-11T20:49:37.180Z"}}, {"model": "actions.action", "pk": 152, "fields": {"user": 26, "verb": "deleted scenario", "target_content": 7, "target_id": 113, "created": "2020-12-11T20:50:58.681Z"}}, {"model": "actions.action", "pk": 153, "fields": {"user": 26, "verb": "deleted scenario", "target_content": 7, "target_id": 112, "created": "2020-12-11T20:51:26.007Z"}}, {"model": "actions.action", "pk": 154, "fields": {"user": 26, "verb": "created new scenario", "target_content": 7, "target_id": 117, "created": "2020-12-11T20:52:06.770Z"}}, {"model": "actions.action", "pk": 155, "fields": {"user": 26, "verb": "deleted scenario", "target_content": 7, "target_id": 117, "created": "2020-12-11T20:53:18.983Z"}}, {"model": "actions.action", "pk": 156, "fields": {"user": 26, "verb": "created new scenario", "target_content": 7, "target_id": 118, "created": "2020-12-11T20:53:27.447Z"}}, {"model": "actions.action", "pk": 157, "fields": {"user": 26, "verb": "deleted scenario", "target_content": 7, "target_id": 118, "created": "2020-12-11T20:54:35.448Z"}}, {"model": "actions.action", "pk": 158, "fields": {"user": 26, "verb": "created new scenario", "target_content": 7, "target_id": 119, "created": "2020-12-11T20:55:32.590Z"}}, {"model": "actions.action", "pk": 159, "fields": {"user": 26, "verb": "deleted scenario", "target_content": 7, "target_id": 119, "created": "2020-12-11T20:56:21.185Z"}}, {"model": "actions.action", "pk": 160, "fields": {"user": 33, "verb": "created new scenario", "target_content": 7, "target_id": 120, "created": "2020-12-11T20:57:06.485Z"}}, {"model": "actions.action", "pk": 161, "fields": {"user": 33, "verb": "created new scenario", "target_content": 7, "target_id": 121, "created": "2020-12-11T20:57:52.869Z"}}, {"model": "actions.action", "pk": 162, "fields": {"user": 33, "verb": "created new scenario", "target_content": 7, "target_id": 122, "created": "2020-12-11T20:58:33.510Z"}}, {"model": "actions.action", "pk": 163, "fields": {"user": 31, "verb": "added a comment on", "target_content": 7, "target_id": 63, "created": "2020-12-11T21:57:33.826Z"}}, {"model": "actions.action", "pk": 164, "fields": {"user": 31, "verb": "added a comment on", "target_content": 7, "target_id": 63, "created": "2020-12-11T21:57:42.024Z"}}, {"model": "actions.action", "pk": 165, "fields": {"user": 31, "verb": "created new scenario", "target_content": 7, "target_id": 123, "created": "2020-12-11T22:02:48.206Z"}}, {"model": "actions.action", "pk": 166, "fields": {"user": 31, "verb": "deleted scenario", "target_content": 7, "target_id": 123, "created": "2020-12-11T22:02:59.618Z"}}, {"model": "actions.action", "pk": 167, "fields": {"user": 31, "verb": "deleted scenario", "target_content": 7, "target_id": 121, "created": "2020-12-11T22:03:25.923Z"}}, {"model": "actions.action", "pk": 168, "fields": {"user": 31, "verb": "added a comment on", "target_content": 7, "target_id": 63, "created": "2020-12-11T22:27:47.019Z"}}, {"model": "actions.action", "pk": 169, "fields": {"user": 31, "verb": "added a comment on", "target_content": 7, "target_id": 63, "created": "2020-12-11T22:27:55.000Z"}}, {"model": "actions.action", "pk": 170, "fields": {"user": 31, "verb": "added a comment on", "target_content": 7, "target_id": 63, "created": "2020-12-11T22:29:40.010Z"}}, {"model": "actions.action", "pk": 171, "fields": {"user": 31, "verb": "added a comment on", "target_content": 7, "target_id": 63, "created": "2020-12-11T22:30:30.194Z"}}, {"model": "actions.action", "pk": 172, "fields": {"user": 31, "verb": "added a comment on", "target_content": 7, "target_id": 63, "created": "2020-12-11T22:30:37.042Z"}}, {"model": "actions.action", "pk": 173, "fields": {"user": 31, "verb": "created new scenario", "target_content": 7, "target_id": 124, "created": "2020-12-11T22:43:24.893Z"}}, {"model": "actions.action", "pk": 174, "fields": {"user": 31, "verb": "deleted scenario", "target_content": 7, "target_id": 63, "created": "2020-12-11T22:44:37.470Z"}}, {"model": "actions.action", "pk": 175, "fields": {"user": 31, "verb": "created new scenario", "target_content": 7, "target_id": 125, "created": "2020-12-11T23:25:15.590Z"}}, {"model": "actions.action", "pk": 176, "fields": {"user": 31, "verb": "edited scenario", "target_content": 7, "target_id": 124, "created": "2020-12-12T01:15:37.135Z"}}, {"model": "actions.action", "pk": 177, "fields": {"user": 31, "verb": "edited scenario", "target_content": 7, "target_id": 124, "created": "2020-12-12T01:17:53.064Z"}}, {"model": "actions.action", "pk": 178, "fields": {"user": 31, "verb": "edited scenario", "target_content": 7, "target_id": 124, "created": "2020-12-12T01:18:56.436Z"}}, {"model": "actions.action", "pk": 179, "fields": {"user": 31, "verb": "deleted scenario", "target_content": 7, "target_id": 124, "created": "2020-12-12T01:21:05.114Z"}}, {"model": "actions.action", "pk": 180, "fields": {"user": 31, "verb": "created new scenario", "target_content": 7, "target_id": 126, "created": "2020-12-12T01:28:25.560Z"}}, {"model": "actions.action", "pk": 181, "fields": {"user": 31, "verb": "created new scenario", "target_content": 7, "target_id": 127, "created": "2020-12-12T01:31:30.829Z"}}, {"model": "actions.action", "pk": 182, "fields": {"user": 31, "verb": "edited scenario", "target_content": 7, "target_id": 126, "created": "2020-12-12T01:36:31.135Z"}}, {"model": "actions.action", "pk": 183, "fields": {"user": 31, "verb": "added a comment on", "target_content": 7, "target_id": 125, "created": "2020-12-12T01:37:00.799Z"}}, {"model": "actions.action", "pk": 184, "fields": {"user": 31, "verb": "created new scenario", "target_content": 7, "target_id": 128, "created": "2020-12-12T02:18:47.554Z"}}]